topic_id,top_words,n_docs,topic_label,topic_label_long,topic_label_confidence
0,"ascp, certified, hire, technologist, medical, specimen, reps, accredited, certification, laboratory",82,Medical laboratory technologist roles,"Positions focused on certified medical laboratory technologists performing specimen handling, testing, and quality control in clinical laboratory settings.",0.95
1,"eurofins, agroscience, food, companies, forensics, eat, rely, drink, labelling, biggest",71,Analytical testing in food & environment,"This topic focuses on analytical testing services related to food safety, environmental monitoring, and agroscience provided by Eurofins laboratories.",0.9
2,"jhu, equivalency, permitted, substitute, johns, hopkins, covid, conviction, vaccination, vaccine",61,Johns Hopkins COVID Research Compliance,"Research roles focused on laboratory and clinical studies at Johns Hopkins University, emphasizing COVID-19 vaccination and related compliance protocols.",0.85
3,"qc, quality, charles, river, gmp, cgmp, investigations, control, audits, release",59,Quality Control & GMP Compliance,"This topic focuses on quality control processes, GMP/cGMP compliance, audits, investigations, and regulatory quality assurance in pharmaceutical and biotech manufacturing.",0.95
4,"nist, prep, johns, jhu, hopkins, covid, vaccination, vaccine, holders, institutions",52,NIST PREP Research Collaboration,Research positions focused on the NIST Professional Research Experience Program (PREP) facilitating collaboration between NIST and academic institutions like Johns Hopkins University.,0.85
5,"gsk, ahead, oncology, biomarker, businesses, disease, translational, authorization, agencies, cms",48,Oncology Translational Medicine & Biomarkers,"Focuses on oncology research involving translational medicine, biomarker discovery, and diagnostic technology development within pharmaceutical and clinical settings.",0.9
6,"johnson, jnj, calendar, treatments, tomorrow, medtech, innovative, smarter, spring, profoundly",45,Innovative Medicine & MedTech,Jobs focused on innovative medical treatments and medical technology development primarily at Johnson & Johnson.,0.9
7,"genscript, probio, usa, gene, 2002, therapy, proactive, 1548, hk, covers",44,Gene synthesis & biotech services,Jobs related to gene synthesis technology and biotechnology services provided by GenScript and its subsidiaries.,0.9
8,"rutgers, rbhs, newark, brunswick, posting, details, season, screenings, exemption, biomedical",42,Rutgers Biomedical Health Sciences Jobs,Job postings related to research and healthcare positions within Rutgers University's Biomedical and Health Sciences departments.,0.85
9,"army, kic, threats, arl, bsl, interagency, dod, defense, countermeasures, approximately",37,Defense-related biomedical research,Research and development roles focused on biomedical and chemical defense within U.S. Army and Department of Defense agencies.,0.9
10,"bms, careers, roles, myers, squibb, bristol, occupancy, interesting, onsite, site",35,Pharma Industry & Bristol Myers Squibb,"Job postings related to pharmaceutical industry roles, particularly at Bristol Myers Squibb, focusing on career opportunities and company-specific positions.",0.85
11,"penn, cultural, philadelphia, family, home, specialist, tuition, underwriting, admission, recreational",34,University of Pennsylvania Affiliations,Job postings related to positions and opportunities affiliated with the University of Pennsylvania and its Philadelphia campus.,0.85
12,"quest, lifted, test, carried, objects, unsolicited, agency, honors, paying, diagnostics",32,Clinical laboratory diagnostics,"Focus on performing diagnostic test procedures in clinical laboratory settings, including serology, microbiology, blood bank, and toxicology.",0.9
13,"rutgers, posting, details, brunswick, season, njit, sas, screenings, exemption, prospective",31,University Job Postings & Administration,Job postings and administrative details related to academic positions at universities such as Rutgers and NJIT.,0.85
14,"otsuka, downstream, manufacturing, upstream, occasionally, constantly, process, cgmp, cdmos, batch",31,Bioprocessing Upstream & Downstream,Focuses on upstream and downstream bioprocessing methods including manufacturing under cGMP conditions and process optimization in biologics production.,0.9
15,"apex, parsons, goldbelt, imagine, bsl, bid, seamlessly, experts, supplementary, secret",30,Healthcare IT & Contract Bidding,Jobs focused on healthcare information technology systems and contract bidding processes within specialized companies.,0.75
16,"pittsburgh, attachments, vitae, curriculum, retinal, pitt, clearances, chen, hillman, assignment",30,University of Pittsburgh Research Roles,"Research positions and academic roles primarily associated with the University of Pittsburgh, spanning various biomedical and bioengineering fields.",0.6
17,"legend, biotech, vector, receptor, immunotherapy, lvv, autologous, cell, supported, somerset",29,Cell & gene therapy vectors,Focus on development and production of viral vectors and cell-based immunotherapies including CAR-T and TCR-T therapies in biotech.,0.95
18,"crime, workday, asr, penn, student, state, login, security, concerning, institutional",26,University job application process,Job postings related to internal application procedures and login instructions for Penn State University positions.,0.9
19,"teva, lc, ms, frontage, bioanalytical, dmpk, bioanalysis, qps, proteomics, mass",26,Bioanalytical LC-MS & DMPK,Focus on bioanalytical techniques including liquid chromatography-mass spectrometry (LC-MS) and drug metabolism and pharmacokinetics (DMPK) for proteomics and small molecule analysis.,0.95
20,"wetland, waters, environmental, restoration, soil, energy, permitting, njdep, geology, field",24,Wetland & Environmental Fieldwork,"Focuses on wetland science, environmental restoration, soil and water field sampling, and regulatory permitting processes.",0.9
21,"crime, asr, workday, student, security, concerning, login, penn, state, statistics",24,University job application process,Job postings related to internal application procedures and student employment at Penn State University.,0.85
22,"pittsburgh, lieu, finalists, substitution, effort, campus, technician, tbd, elsner, visa",24,Research technician roles in Pittsburgh,Job postings focused on research technician positions supporting biomedical and molecular biology labs at the University of Pittsburgh.,0.7
23,"antibody, protein, jude, st, guidehouse, multispecific, structural, purification, computational, proteins",24,Antibody & Protein Structural Biology,"Focuses on antibody and protein research involving structural biology, computational methods, and protein purification techniques.",0.9
24,"umaryland, maryland, umb, postdoctoral, fellows, baltimore, micor, dr, taleo, pkd",23,Postdoctoral biomedical research positions,"Postdoctoral research roles primarily at University of Maryland Baltimore focusing on biomedical and clinical research across cancer, genetics, and cardiovascular fields.",0.85
25,"nih, gov, print, citizens, permanent, fine, chdi, disclaimer, splicing, cancer",23,NIH biomedical research & genomics,"Research positions focused on biomedical and genomic studies at NIH, including cancer, splicing, and immune-related diseases.",0.85
26,"armstrong, awi, sepax, chemist, hplc, atrium, product, lancaster, formulations, elementis",23,HPLC & Chromatography Applications,"Focuses on high-performance liquid chromatography (HPLC) techniques, chemical formulations, and product development in analytical and specialty chemical contexts.",0.9
27,"premiums, mathematics, mining, machine, algebra, foundations, algorithms, 8570, artificial, requirement",23,Mathematics & Algorithms in Mining,"This topic focuses on mathematical foundations, algebra, and algorithm development applied to mining and machine learning tasks.",0.75
28,"initially, broadest, continuation, pennsylvania, satisfactory, perelman, minorities, monteiro, ethnic, renewal",22,Academic research positions in genetics,Job postings for research associate and faculty roles focused on genetics and biomedical research at academic institutions.,0.85
29,"catalent, microbiological, sterility, microbiology, microbiologist, endotoxin, monitoring, aseptic, environmental, cgmp",22,Microbiological QC & Sterility Testing,"This topic focuses on microbiological quality control, sterility assurance, environmental monitoring, and contamination control in pharmaceutical manufacturing.",0.95
30,"cath, supplemental, shc, staffing, vibra, cardiac, travels, care, byrd, arrt",21,Cardiac catheterization lab tech,Technical roles focused on cardiac catheterization procedures and allied health support in cath labs.,0.95
31,"forensic, dna, casework, evidence, typing, examination, testimony, police, afmes, mtdna",21,Forensic DNA Analysis & Casework,"This topic focuses on forensic DNA analysis techniques, evidence examination, and casework related to criminal investigations and legal testimony.",0.95
32,"histotechnician, histology, upmc, histotechnologist, staining, ht, slides, microtomy, cut, tissue",20,Histology & tissue processing,"This topic focuses on histotechnician and histotechnologist roles involving tissue processing, microtomy, staining, and slide preparation in clinical and research histology labs.",0.95
33,"phlebotomy, hopkins, serving, johns, jhm, awaits, phlebotomist, displayed, occur, baltimore",20,Phlebotomy & specimen collection,"This topic focuses on phlebotomy skills and specimen collection roles, particularly in clinical laboratory settings like Johns Hopkins Health System.",0.95
34,"fisher, thermo, cleaner, intensity, involvement, ppd, remuneration, prospects, colleagues, fri",19,Laboratory roles at Thermo Fisher,"Job postings focused on laboratory-based scientific roles and processes at Thermo Fisher Scientific, emphasizing standard work schedules, PPE use, and lab safety.",0.75
35,"chop, sengupta, fellow, children, noted, acquire, adjusted, shown, shaon, struan",19,Postdoctoral Research Fellowships,"Positions focused on postdoctoral research fellowships, often at Children's Hospital of Philadelphia, involving advanced scientific projects and skill development.",0.85
36,"tek, gs, electronics, pm, instructional, tu, tekwissen, pulivarthi, ivdd, technician",18,Laboratory & Instrument Technician Roles,"Technical roles focused on laboratory operations, instrument maintenance, quality control testing, and support in scientific and manufacturing environments.",0.85
37,"hjf, military, henry, jackson, 1983, minimums, founding, equivalents, preeminent, alike",18,Military medical research & forensics,"Research and scientific roles focused on military medicine, forensic toxicology, DNA analysis, and related biomedical investigations within military health organizations.",0.9
38,"batches, assembling, weighs, sparks, removal, sterilization, quantities, manufactured, solvents, qm",18,Manufacturing & Sterilization Processes,"This topic focuses on manufacturing workflows including batch processing, assembling, sterilization, and quality management in production environments.",0.85
39,"alakaina, focs, government, foundation, companies, bsl, llc, clearancejobs, keaki, kāpili",18,Government-focused molecular biology,"Job postings related to molecular biology and systems biology research supporting government projects, often involving pathogen characterization and laboratory protocol development.",0.85
40,"skin, revlon, beauty, colgate, oréal, palmolive, consumer, consumers, brand, brands",17,Skincare & Beauty Product Chemistry,"Focuses on the chemistry and scientific development of skincare and beauty products for consumer brands like L'Oréal, Revlon, and Colgate-Palmolive.",0.95
41,"quest, test, unsolicited, differential, worked, respects, blueprint, honors, paying, myday",16,Medical laboratory testing & diagnostics,"This topic focuses on medical laboratory scientist roles involving complex diagnostic testing and laboratory instrumentation, often associated with Quest Diagnostics.",0.85
42,"contractor, shall, possess, advice, cto, goldbelt, cbrn, fda, acquisition, technical",15,Technical advisory & contract management,"Focuses on technical advisory roles and contract management within public health and defense-related projects, including CBRN and FDA compliance.",0.85
43,"cgi, mriglobal, youll, peptide, jecho, inotiv, adherence, cgis, aucta, investigation",15,Contract Research & Biotech Services,"Focus on contract research organizations (CROs) and biotech service providers involved in drug discovery, peptide research, and laboratory adherence.",0.85
44,"kpg, allied, travel, cath, healthcare, housing, stipend, staffing, coast, host",15,Travel Cath Lab Technologist Roles,Job postings focused on travel positions for cath lab technologists within allied health professional staffing.,0.95
45,"insmed, lilly, workplaces, inhalation, row, accommodation, request, indianapolis, philanthropy, biopharma",15,Biopharma company culture & mission,"Job postings focused on biopharmaceutical companies emphasizing patient-centric missions, workplace culture, and corporate philanthropy.",0.85
46,"mellon, carnegie, cmu, psc, breaking, bus, bioprinting, array, deserved, breaks",14,Academic Research & Supercomputing,"Positions related to academic research institutions, emphasizing supercomputing resources and interdisciplinary scientific projects.",0.85
47,"umms, resolves, troubleshoots, confidential, concerns, bayhealth, joseph, responds, cybercriminals, impersonating",14,Healthcare system & hospital operations,"Focuses on roles and skills related to healthcare system management, hospital operations, and patient care coordination within medical centers.",0.75
48,"organoid, axle, institutes, axleinfo, trn, dcap, abet, prk, meant, coerce",14,Organoid research & translational bioinformatics,This topic focuses on organoid technology and translational bioinformatics applications in biomedical research and data science.,0.85
49,"mccormick, flavor, sweets, ingredient, adm, medium, food, plant, hershey, beverage",14,Flavor science & food ingredients,"This topic focuses on flavor formulation, ingredient development, and product innovation in sweets, beverages, and food industries.",0.95
50,"cancer, rutgers, cinj, institute, extraordinarily, catchment, engender, fears, perseverance, openness",14,Cancer research at Rutgers CINJ,Positions focused on cancer research and related biomedical studies at Rutgers Cancer Institute of New Jersey (CINJ).,0.9
51,"rwjbarnabas, fluids, req, jersey, blood, technologist, evening, vastly, greatly, destination",13,Medical technologist & clinical lab work,"Jobs focused on medical technologist roles involving clinical laboratory testing and diagnostics, primarily at RWJBarnabas Health facilities.",0.9
52,"cook, msd, tag, myosite, raw, coating, aa, technicial, biotechnique, biotin",13,Mass spectrometry & biotech assays,This topic focuses on mass spectrometry techniques and related biotech assay methods used in pharmaceutical and diagnostic research and development.,0.85
53,"approximately, cape, fox, bsl, iaw, enrollment, maintained, held, subsidiaries, monthly",13,Contract-based biotech technician roles,Job postings focused on contract-dependent technical support roles in biotechnology and molecular biology at Cape Fox subsidiaries.,0.7
54,"bms, careers, squibb, myers, roles, bristol, site, onsite, therapy, manufacturing",13,Cell therapy manufacturing roles,Jobs focused on manufacturing and operational roles in cell therapy at Bristol Myers Squibb.,0.95
55,"wistar, institute, bedside, brilliant, violence, victim, accelerating, aids, hiv, distinctive",12,Immunology and Infectious Disease Research,"Research focused on immunology, infectious diseases such as HIV/AIDS, and translational cancer immunotherapy at The Wistar Institute.",0.85
56,"azenta, genomic, sequencing, ngs, dotmatics, quo, psomagen, visualization, bioinformatics, plots",12,Genomic sequencing & bioinformatics,"This topic focuses on genomic sequencing technologies, next-generation sequencing (NGS), and bioinformatics tools for data visualization and analysis in life sciences.",0.95
57,"rahway, intern, hybrid, search, op, merck, francisco, agreement, san, chance",12,Pharmaceutical internships & programs,"Internship and co-op opportunities focused on pharmaceutical research, bioanalytical methods, and bioprocess technology at companies like Merck.",0.85
58,"jefferson, lehigh, valley, thomas, hou, profit, region, ranked, locust, nationally",11,Biomedical research at Jefferson Health,Research positions focused on biomedical and molecular biology studies at Thomas Jefferson University and Jefferson Health.,0.85
